Title,Author,Pages,CharCount
Underrated Roblox Games You NEED to Try,ethanfan1234567890,5,1077
Understand Major League Baseball,VintageAngelicc,10,4730
Understanding,Hope5967,5,1598
Understanding Algebra 1:Parallel and Perpendicular Lines,Kalistyo,7,4050
Understanding Basic Derivatives (AP Calculus),FrickingStupidGuy,5,2071
Understanding Burnout,oEtherielle,7,2707
Understanding Math: Coordinate System,jameshung123,17,7606
Understanding operating systems,SherlockTheChowChow,29,13087
Understanding the pH Scale,oEtherielle,5,2063
Underwater,Dkratzz,5,619
Underwater,OofedRat,4,1240
Undesirable,Gopro06,10,8236
Undetermined Feelings,iKyuu,17,7738
Undying Servitude,DailyBasis,9,6010
Unearthly Woods,ErikaMazing,7,5105
Unearthly vol. 1,XLijsjeX,5,2948
Ungrateful,Sunnxflowwr,3,352
Unique Skill,twinkillings,6,2332
Unique Trees,0NEL0V3R,1,288
United States Air Force Academy,username:eniigmatic,10,3091
United States Army West Point,eniigmatic,7,2634
United States Naval Academy,eniigmatic,7,2661
Universal Conflict,Hashirama1999,10,3950
Universe Switch,aahanstar,6,4395
Universe Switch #2,aahanstar,5,2860
Universe Switch #3,aahanstar,4,2164
Unknown,HeavenlyRainn,13,6106
Unknown Lookalike,Blxck_Crystxls,12,7432
Unknown Wonders - Vol. 1,Brynns_alt,14,7750
Unknownions,bumpyrelive,7,1063
Unleashed,Ineffable_Vibes,13,4713
Unlucky,TreasuredTon,3,2537
Unordinary,Saltyxxfriesalt,4,1936
Unrealistic,Nikoo_Niko,8,969
Unreciprocated Love,alphire,5,847
Unrequited Desire,WhatsWrongWithYouJai,2,493
Unrequited Love,kittybuterfly133,8,3601
Unrequited Love,sunflxwxrxz,5,686
Unrequited Redamancy,Vonibellx,11,5344
Unrequited love,LucyGamerYT,3,1823
Unrequited: Vol. 1,ataxaria,6,3908
Unseen Love,chaernax,8,2674
Unsettling Taps,Halloezs,10,4331
Unspoken Melancholy Harmony.,Fawniia,8,1784
Unspoken Thoughts From A Shy Flower,myfeminineheart,5,3125
Unspoken Words,Emma_Pineapple94,2,446
Unspoken Words Of The Waves.,juvriix,45,14362
Unspoken love,Ashersvibe,5,1312
Unsung Heroes,xCruxifer,32,6298
Unsure of Ourselves (Chapter One),Vizleaf,12,5397
Until Forever - Pt. 1,Th3aafaye,14,3773
Until I Met Her,DouixFairy,8,1930
Until We Ride The Night Again,Zeroinix,31,10826
Until We’re Together Again,Harmosty,26,10353
Until we meet again,Nisey456,2,701
Until you’re forgotten.,TheJelloSenpai,11,1785
Untold Story,TrollHeart961,4,1034
Unusual Library,Bjumseskat,4,1601
Unwanted Help Vol. 1,minerboysbp,14,8838
Unwanted Help: Backtracking,minerboysbp,5,5129
Unwanted Memories,hiimpoop16,4,1130
Unwelcomed,hiraza,9,2774
Up in the sky,Qwundeh,4,4104
Up the Elevator Goes,OmegaOfWizards,9,8999
Upon The Dragons,Purple_bxnny04,50,29120
Upon The Water,Signature_Red,3,1253
Upon a Time Vol. 1,minniecracker,16,5929
Us,suivei,3,1596
Us Humans,ActiveCountries,6,1451
Useless,perfectflxw,17,7199
Useless Facts on Philosophy,Battlegirl1003,5,2180
Using Pronouns,IRayRatI,7,2413
Utashinai’s Mystery.,ep1ph4ny,17,9445
Utterly Fleur Chandler,Del4nie,3,2455
Uuna: Volume 1,dogeimposter,7,2731
Uuna: Volume 1.5,dogeimposter,4,2000
VALENTINE,MeWhoCasa,20,4764
VHW,Biizaarre,3,257
VOL 1. HTBGW: How To Be Amazing At Understanding Figurative Language.,heartflower54321,26,9107
VOL 2. HTBGW: How to be amazing at overcoming writer's block.,heartflower54321,25,12043
Val's Book Of The Unknown: The Backrooms,ValeryMartinezYT,9,2814
Val's Guide To Chess: How To Set Up A Chessboard,ValeryMartinezYT,5,1265
Val's Guide To Chess: The Pawn,ValeryMartinezYT,7,2079
Valentines Heartbreak,iiAshlyen,12,3563
Valerie,Bubrbery,20,7365
Validation,pretentiousdan,14,1170
Value,iiMysterious_Mystic,3,855
Value sub-abilities in Splatoon 2,SmallLadGurl,6,1797
Valued,Turtleawe,5,663
Vampire Moths,IEV_L,6,1413
Vampire Next Door,honeyxhive,12,4136
"Vampire generations, bloodlines, and ghouls",CoreCoolant,6,3556
Vampires,TrollHeart961,4,1545
Vampires of the North,Soccerbella2468,15,8147
Van Life,Jucyluy,6,1279
Vanilla Cupcakes,Ayzrilia,4,775
Vanilla Girl.,iihowlinq,6,1754
Vanilla Ice Cream,estllee,5,707
Vanilla boy,MelaninIIQueen,4,986
Vanish,iiibbyxblue,9,5499
Vanished. Vol II,Yua_Weeno,10,4631
Vanished. Vol. I,Yua_Weeno,7,2891
Vast; Vol. 1,williuh,11,2692
Vast; Vol. 2,williuh,11,3341
Vault 8166,Aroius,4,2073
Vegan Food Substitutes,unadoredd,7,3162
Veiled Crown 1,quill1x,14,7332
Veiled Crown 2,quill1x,12,7370
Velocity,flyinghigh0612,4,1048
Vengeance,TeegoDW,4,2915
Vengeance,ataxaria,18,9519
Venice Valentine: Introduction,aintASHLEYmymain,2,497
Vent,FladeArts,7,1744
Vertebrates and the Basics,poobear13344,3,890
VetMED Tool Identification and Guide Vol. 1,Inter_Ivashkov,8,2583
Vetiver,ocelhira,7,3166
Vexillology,settingpriority,4,1305
Vicious Seas of a Fragile Heart,TrueGirlForever07,22,9169
Villain,littlestvicy,6,2563
Villain in the Mirror,awedshorty,7,1349
Vincy,axolitls,9,3569
Viola in Ventura Vol. 1,nyancatlopez,6,9832
Viola in Ventura Vol.2,nyancatlopez,11,14330
Viola in Ventura Vol.3,nyancatlopez,15,17734
Virgo,1Clemsonfan1 and Rose_bxd,9,2442
Virtual Outdoors Vol. 1,LimeTheProGamerHD,4,1199
Virtual Piano,Niceandshortuser,19,4306
Virtual Reality Vol. 1,cookielover1827,4,1090
Virtual Reality Vol. 2,cookielover1827,4,1514
Virtual School in a Nutshell,cheexylasagna,7,2200
Virtual World: A New End,CloudBreadx,10,4100
"Vital Signs, Vol 1: Blood Pressure",isvbelIe,7,3226
Vivid Monotone,Kirisuko,6,1041
Vividness in Depth,weeping_pillows,6,2412
Vocal Tips for Beginners,witchrains,7,1819
Vocaloid,dethblade123,3,933
Vogue perfume,KamadoEmmai231,17,4993
Voice,faqollie,3,503
Voice of the Sea,carlielovesgoats17,3,690
Voices,avphla,8,426
Voices.,FortnuateFarewell,2,541
Volume 1: People’s thoughts and emotions,XxOreos_yumxX,5,2634
Volume 1: YOU DON'T UNDERSTAND,LittleLizzy667,6,3012
Volume I Collisions,kiaraFGN,10,6015
Voodoo Doll,SheaPlayzRoblox,4,1850
W : Aroma...,wuoves,10,2883
WHO ARE YOU - ZODIAC SIGNS,svnnxri,12,1892
WISTERIA,Soapility,32,7444
WNS (White Nose Syndrome) and its Dire Effects on Wild Bats,SpringDemonic,10,2766
Wage against the machine,HawesomeharvYT,2,348
Waiting for Nothing,savmantis,5,2945
Waiting for Time,Turtleawe,4,258
Waiting for Uncle Joe,BananaPhone005,9,2907
Waiting for You,mapletti,4,918
Waiting for trust,IsSchiz,15,1708
Wake up vol.1,gasourys,6,2414
Wake up vol.2,gasourys,11,4054
Walk in the Forest,ltsYaBoyy,1,162
Walking Around a Mystery Part I,GachaHatsumi9071,8,2493
Walking On Dust,BungusBlast,3,601
Walking The Other Way,Ann1_k,4,2813
Walking With the Stars,hiimpoop16,1,459
Walking in the Daylight,NemesisUnlocked,5,1889
Walking in the rain.,gugleen,1,420
Walking into a Horror Story,SlimeQueenKathryn,7,2914
Wall.,Mimom14,18,2608
Walmart Detroit Myth.,"AuthorOfDreams, Roblxbot6839933",6,2385
Wanderlust Vol. 1,CaIiDream,6,2467
"Wang Xie, A Calmed Possessed Exorcist VOL. 1",HopefulNyataro,9,3847
"Wang Xie, A Calmed Possessed Exorcist VOL. 2",HopefulNyataro,13,4085
"Waning Peony, Waning Rose",LiliWeb11,4,1463
Wannabe,CreativeCastiel,13,6643
Wanted Life Vol. 1,Splendiferous13,6,2033
War On Agony (Book 1),pantherzbackbaby,6,2164
War Time Poetry,amusicalmesss,8,4274
War Torn,LordThaehan,3,310
Warm Embrace,MikkiPicky,10,5835
Warm Rainstorm,mochibubbles,5,1632
Warm Sayonara,amaimochimochi,5,975
Warriors of the Depths Vol. 1,Lio5604,5,1629
Was Arachne’s Curse,aubiiuu,5,2303
Was It Love?,beansurge0n,4,482
Was It Love?,myterritory70529,12,2194
"Was This Fate, or Hate",hssjsjsnshn,12,3327
Wash My Hurts,avphla,6,821
Wasting My Days - A short story,KpopAlissa,20,4849
Wasting Time,springjacob123,4,1464
Watch Out,emmaxplays1,6,3085
Watch Where You Run,nsflower2002,7,5430
Watching the Rain Fall,KleinesSkelett,4,784
Water,Marceline_2118,10,952
Watercolor Flee,Ayzrilia,3,388
Watermelon Seeds,xoRxsey_Vibesxo,8,2223
Waves of Calm,icedxhoney,4,1420
Way Out Vol. 1,awesomeguycs,4,2326
Ways To Earn Money,9785s,5,1622
Ways To Get Better,MissGracieeee,5,2655
Ways for Better Sleep,9785s,4,801
Ways to Destress at Home,iiTenDegreesCooler,8,3239
Ways to come out!,xK_ara,5,1966
We Are In The Petrichor,RosaliePlays11,3,769
We Are The Same,ruxvq,3,2839
"We Aren’t Really Friends, Are We?",moonrisx,3,240
We Dance,PlayzAlpha,13,3510
We Find Love Vol. 1,Vonibellx,4,1049
We Find Love Vol. 2,Vonibellx,7,2473
We Must Move On,LaNe_10dog,4,1380
We are,Smoothii_!0,2,284
Weak,twinkillings,7,1020
Wealthy Love,"Magnvliia, awhxallyy",13,4792
Weather || Rainy Day,XxOreos_yumxX,3,518
Weights,Turtleawe,3,430
Weird and Wonderful World of Art,Healthyicepoo123,3,1437
Welcome to Hysteria.,zaczillatarik123,6,2029
Welcome to No Man’s Land Vol. I,Whyareyoucheckingme,9,3204
Welcome to the 3000s,Yammyxoxoloove,7,1022
Well of Life,theraptorbuddy123,4,932
Well of Tears,abdslhcpe,10,4296
Wendigo.,AnAnxiousPan,24,12556
Were You Ever Safe?,Quacker_Daniel,5,2442
Weren't We Best Friends?,Exthreal,3,1444
Whale Facts,StarryBubble07,7,2238
What Are Furries?,PicoDaFerret,4,572
What Are They?,Lxndvnn,11,5182
What Are the Origins of Black Friday?,bodiesundermybed,4,1326
What Do You Feel About Me?,cic4trix,3,1932
What Does War Feel Like?,17letterz_gotoschool,9,1664
What Falling in Love Feels Like,cascadings,4,830
What Falls Beyond Us: Chapter 1,BarneyTheDino_saur,8,4432
What Happened To Us?,SiokuLive,9,3384
What Happened to Emily Lane,UnicornRNR,9,5764
What Happened to The Spiffing Brit and Jim Browning,thenewww9trillion,7,1853
What Happens Next?,sweetpie0204,4,1279
What I Forgot,cadav3rous,8,3513
What I would have told you.,Jaylalovesballet,5,417
What I'd Do,DrakoTheDragon55,10,1054
What If I Didn’t Care?,Phobiologist,6,569
What If You Got Sucked Into a Tornado?,Phlorette,5,1393
What Is Enochian?,Elvin_Gadd,5,1231
What Is Roblox? (2020),GingelPlayz,3,2116
What Is True Love?,1Queen_Fan,5,2062
What Lies Beneath the Everglow Bridge,TheQueenOfRockBottom,29,6613
What Lies Beyond,Cyllenia,2,610
What Life Is,VioletCharlxtte,7,3258
What Living Means.,Ophoric,8,2344
What Moon Phases Mean To You,BigGxyAdam,13,4369
What True Loneliness Really Feels Like,iiTelesticRoses,7,1032
What Was Life Like in The Trenches of WWI?,Alfiethegam3r15,8,2686
What You Are Worth,Kazuki_Kiyoto,8,1673
What are Black Holes?,Luckynathan07,9,5412
What are kitsunes?,iwilleatyoualive01,5,2831
What are phobias?,detectivedudeyt,3,538
What are ‘Neopronouns’?,xsCloudy,6,1955
What comes after winter?,ivonyyhearts,4,2048
What does nothing look like,T_lvl9,4,1375
What exactly is beauty?,anDragoniXlove,5,2186
What happened?,yayiprettydumb,7,2876
What if?,BeyonderJ6,3,602
What if?,Mistico123459,3,1222
What is Albinism?,TAYOKAYO6,15,2114
What is Anxiety?,FriendsUnite123,6,2049
What is Art?,Geekling_NonBinary,4,1104
What is CIPA?,Sai_Anide,3,1283
What is Computer Science?,TheLegendaryTrevv,8,5302
What is Covalent Bonding?,Gol3m08,5,1492
What is Dreamcore?,HexxMercury1313,6,2556
What is Dyslexia?,xSilentWhisperssx,5,952
What is Entomology?,sizzelo,10,3965
What is Evil?,soulsime_BR,14,5073
What is Fear?,WIKEMOIRL,4,1390
What is Friendship?,arifleur,3,1043
What is Gravity?,Discontinuum,10,3930
What is Ionic Bonding?,Gol3m08,4,1632
What is Life?,MayuriBansal,8,2717
What is Life?,dellabellabear,9,762
What is Living In the End?,Tealiyahhh,6,1032
What is Love?,Rose_bxd,5,663
What is OCD?,Kalistyo,7,3426
What is Perfection?,Sp00ky_Flora,8,835
What is Polio?,OliveCharm,3,1455
What is Psychology?,Jellyfzsh,6,2657
What is ROBLOX High Society?,Samuel_Beaumont,20,9041
What is Real?,nondairycat,4,1419
What is Sahara Saloon?,Snekboiboop,3,1894
What is Thalassophobia?,poobear13344,4,735
What is Thanatophobia?,funinyourhouse,5,1952
What is geography?,txnui,6,1411
What is life?,Avxcti,4,1995
What is love?,LowkeyIsabxlla,2,710
What is virology?,Staucekid,10,3378
What is your “aesthetic”?,ElegantEmzie,7,4670
What is: Coquette aesthetic?,Dearestiswriting,5,1247
What rhymes with fantasy?,xin_zax,3,622
What star sign are you?,iMay_alt,8,669
"What the Heart Wants, vol. 1",TumbleDry,6,3280
What to Believe,suniiane,7,2995
What to do When You're Bored,httpsdxsiy,4,1003
What to do during Christmas break,Deioika,6,2145
What to do when your stomach hurts?,xmxsadgirlxmx,5,979
What would ever hurt me?,BostonTerrierBoBo,13,5965
What would happen if we all can’t hear?,rose_purplequeen,3,638
What would you bring to a deserted island?,SugaryKaz,11,6128
What you have to know,coolebrie,7,1645
What's The Point (Vol 2),charlottev6,11,3555
What's in the attic?,shellychamp,9,4010
What’s Over The Rainbow Part 1,MrsKxllor,7,3506
What’s Stopping You From Overcoming Anxiety,BigGxyAdam,6,3264
What’s The Point (Vol 1),charlottev6,13,5450
What’s Up With Your Tea?,lily_2921,7,3422
What’s the Point?,pretentiousdan,8,1176
What’s the word?,fIqwsomes,3,562
Wheat Shoppe,LeCodfishJoe,6,2253
When,Leaspeare,5,1267
When Braxton was there,AudreyMorbian,3,552
When Eyes Meet: Volume 1,estllee,8,5701
When Forgotten,cinnxmon_bun,4,1889
When He Was Around,Kendall2067,3,983
When I see you,blxques,4,229
When I woke up,sofiaissadcuzigot,6,2108
When I’m Not Looking,driasdior,3,378
When Life Gives You Lemons,Roseaudite,17,7454
When Life Gives You Lemons,deadlyShr1mp,5,784
When Midnight Strikes...,HardlyBlissful,6,2653
When My Head Was Underwater.,oopsie_dxisy,4,983
When My Life Is Over,SeaIuh,5,2822
When Pieces Encounter,evzstah09,8,884
When Spring Never Came Vol 1,plantsyavi,2,1512
When The Lights Go Out,VeryBritishUser44,8,3120
When The Night Begins.,iiJxydeniix,7,3265
When The Stars Fell,apathyandirony,6,1886
When The Sun Dawns Vol. 2,fadinqrains,5,2308
When The Sun Dawns Vol. 3,fadinqrains,7,4751
When The Sun Loved The Moon,IzzyJeanine,5,2085
When They See Us (Part One),realrosemarywalten,3,991
When They See Us (Part Two),realrosemarywalten,6,1960
When We Met In Our Dreams,Ponyrider94,8,5590
When We Met: Volume 1,pjppy2,7,2212
When We Were,BeautyFlowerBloom26,4,2036
When We’re in the Dark,KoveCrumbs,14,4155
When Will You Want Me,Wh0leGra1n,3,535
When You Come Home,TheAsianCookies,2,544
When darkness falls,Zesula,3,1013
When he left me,gemkishy1234,3,982
When the Clouds Go Dark 1,XXLxser_SunnyXX,4,673
When the Clouds Go Dark 2,XXLxser_SunnyXX,6,1803
When the Flowers Bloom,Lizzytookthemilk,8,3101
When the Inkpot Runs Dry,LordAthenaPretty,14,3516
When the Sky Fell - Volume 1,xchrysalismx,6,2393
When the Sky Fell - Volume 2,xchrysalismx,5,1613
When the Sky Fell - Volume 3,xchrysalismx,10,3062
When the Sun Dawns Vol. 1,fadinqrains,8,3049
When the Sun Goes Down,Kxniie,8,3882
When the Sun Went Dark Vol. 1,xBeautyintheBrokenx,8,2258
When the Sunflower Faced the Ground,Alecxis108,2,498
When we meet again,twinkillings,6,890
When we met,Deioika,5,988
When you said ILY,MsKittyLoverDiana,8,1417
When you were (1),Volleyballmaster3333,4,1693
Where Art Dies,ataxaria,13,6349
Where Did She Go?,BelleElf7521,5,2234
Where I Am From,Phlorette,8,1091
Where I Belong. (Part one of the series.),StraxberrxyMilk_YT,10,4471
Where I am From,xT_iara,4,1248
Where It All Began,hyggegirll,5,2366
Where The Stars Bloom,caro11inee,10,5268
Where am I?,superblondi8,11,4977
Where are the Aliens? The Fermi paradox.,DaEpicNebula,3,1570
Where did all the people go?,StarbucksSweettea,6,2463
Where did everyone go?,GOLDkiitty,5,3502
Where is Great Grandma?,braazykiid,3,960
Where is Luna?,brojin0520a,5,1524
Where is She?,alreiea,9,4217
Where is my comfort?,cybertunez,9,1061
Where the Flowers Bloom Within Stars | vol 1,xiaoseh,20,10457
Where the Oceans Meet,CloudyPoodle,2,288
Where we were. Book I.,Wvlfxie,14,4502
Where’s The Manager,TWRPEver2,8,4276
Whimsical Wacky Pancake Extravaganza,Fahmlz,6,3277
Whipped Coffee,alaskaheavens,3,668
Whiskers Discern 1.0,Heqrxt,16,4326
Whiskers Discern 1.1,Heqrxt,50,12588
Whisper It to the Stars,Abecidario,12,3824
Whisper of the Broken Castle,kittydaisyis,4,2826
Whispers of Love,avisping,8,1416
Whispers of a ghost,xmxsadgirlxmx,12,4364
White Chocolate Mousse,YubeFun2005,6,1513
White Chrysanthemums,Turtleawe,4,1109
White Cloth,ImaginTale,6,2292
"White Fur, Blue Eyes",fennecfoxpop36,6,1526
"White Inferno, White Hell.",builderredstar,22,7030
White Rooms and Quiet Steps,H0nee_B33,4,1483
White Roses,Crocodeliah,5,2436
White walls,Aestrade,4,1613
Who,hurfan,3,487
Who Am I?,HappyKat36,3,638
Who Am I? Part 1,braazykiid,5,1707
Who Are You..?,sweetpie0204,11,5428
Who Dreamed of Fame,Kattlabsyou,3,1557
Who I Thought I Was,Dancing_CIK,24,12766
Who Is MrRealism?,AuthorOfDreams,5,1748
Who Was Bruce Lee?,iipucca,6,2364
Who Would’ve Thought? Vol. I,newtlivesmatter417& asumishi,7,1800
Who am I?,xXemizy3Xx,8,2321
Who am I?,Just_1Dud,8,2092
Who are you?,CatNoirFan109,10,3272
Who are you?,twinkillings,4,1094
Who are you? Vol. 1,anioIek,4,2382
Who goes there?,EmeraldTheKat123,8,3844
Who is Mulberries?,AuthorOfDreams,6,2486
Who is Nmixx?,Isabellaworldss,5,736
Who is she?,MyPro_misedNeverland,10,2606
Who is that: Taylor Swift,ViruzMage,13,3496
Who vs. Whom: How to Write Series,o_bvi,4,1663
Who was Lata Mangeshkar?,Uhhhhh222,3,1117
Who was it?,Fahmlz,5,1154
"Who, Me?",Vonibellx,6,3096
Whose Reality?,rain_cloudds,9,2634
Why Did You Do It,KaiIsCringey,10,5470
Why Do I Feel Off?,purelypitiful,5,1133
Why Do We Have Nightmares? Vl,COOL_UNICORN8906,6,2735
Why Do You Write?,xchrysalismx,3,2145
Why Elephants?,Crocodeliah,5,2722
Why Her Smile Faded,Kattlabsyou,5,1741
Why I Love You,Puppy_Master99,4,2352
Why Teaful’s Library is Great: A Persuasive Tale,12bunny04,5,1816
Why YOU Should VOTE,WeAreNumberThirtyOne,7,2171
Why am I like this? VI,COOL_UNICORN8906,4,1528
Why can’t I be like her,feelinrscy,4,466
Why did you leave me Panchoba?,firecoolawesomeboy,3,726
Why do we exist?,MayuriBansal,4,2447
Why do we have Nightmares? Vll,COOL_UNICORN8906,6,2555
Why do you need to drink water?,64_1126,6,1579
Why is Purple a Royal Color,ChunkyAlien,5,2195
Why is our house breathing,ellierose_merry,8,3367
Why must I be like this?,sweetpie0204,3,1460
Why not me?,care_3are,9,4914
Why the Coyotes Howl Every Night,cxqid,6,2214
Why was the Renaissance such a big change?,fishcakes84,10,4083
Why you always procrastinate.,Lilsweetfruit,4,1863
"Why you mean nothing, and why that’s ok",EliteBuilderboy,7,1402
Why?,chaite3_writer,6,413
Why?,rozadrex,5,751
Why’d It Have To End Like This,Vonibellx,6,3097
Why…,cutelittlefox202022,11,3271
Wick Vol. 1,ee_kratkoyeh,5,1146
Wild Flower,Lunakittentaco,8,4439
Wildflower Field,mapletti,1,481
Will it Ever Stop?,sweaterxweather57,6,3675
Wilnor Estate 1829: Part 1.,MistySCREE,7,3579
Wilted,pmo765,4,1697
Wilting Rose,lylahjoestar,3,513
Wind Chimes,mapletti,6,843
Window VOL. 1,Windfasttt,26,9021
Window VOL.2,Windfasttt,18,8239
Wings Of Fur,Miss0lga,8,797
Winnie-the-pooh history,AwesomeJurassicM,4,729
Winter,11Zebras,7,616
Winter,Blue_blueberr1es,8,1955
Winter,HappyKat36,4,1751
Winter,SayYou_NeedMe,14,4964
Winter,DarlenesTaken,2,408
Winter 'Friends',Stoopid_potato3361,11,4078
Winter Depression,Krispy2223334,6,635
Winter In Hokkaido,thejinxboss,3,361
Winter Jacket,9785s,9,2713
Winter Love,sabragirl10,5,1156
Winter Never Lasts,m_tztli,8,882
Winter Plum Blossoms,Turtleawe,1,216
Winter Rain,Galaxy_Catty528,4,1153
Winter Wonderland,ZoeTheComputer,5,1522
Winter Wonderland (Vol 2.),ZoeTheComputer,5,1136
Winter Wonderland (Vol 3.),ZoeTheComputer,3,1036
Winter “Friends” (chp 2),Stoopid_potato3361,10,4080
Winter “Friends” (chp 3),Stoopid_potato3361,11,4567
Winter's Eyes vol. 1,xrainydayxmythsx,9,7440
Wish it were real,Coolestgamevah,3,613
Wishes,JMGVKid,4,756
Wishes,Tumbo_Trini,1,124
Wishes,ugh90sbhaddie,3,745
Wisteria,hndcuffed,4,742
Witchcraft.,kaiflexo,2,997
Witchcraft: Tea Magick,yuhemerald,5,1839
Witches Fall I,Akierion,19,10708
Witches Fall II,Akierion,52,23872
With A Rose Comes Its Thorns (Book 1),xXloveIy_creekXx,14,4344
With You,syposa,11,6962
With you Vol. 1,Bug9i3,20,5268
Withered Roses,BoiIedBIood,12,896
Within Cinders I Rose,ItsJustKaz,3,1303
Within yourself,ilyxxmyself,16,7389
Without Thinking Twice,sp00kvy,3,1786
Without You,Bug9i3,11,945
Without a trace,MlMZII,8,3726
Wizardly Me Vol. 2,ii_Wxlfi,6,2249
Wizardly Me Vol. 3,ii_Wxlfi,18,5167
Wizardly me Vol. 1,ii_Wxlfi,6,1447
WlLL_R,Ghoul1fy & ItsmeYeetusTestis,4,2633
Wolf Food Chain,hiimpoop16,5,1719
Wolf Ranks and Roles,hiimpoop16,13,4667
Wolves,hiimpoop16,9,2508
Wolvington Hospital,Pinnerblinn,6,3125
Wonderland,sashvaa,12,3040
Wonders,COOL_UNICORN8906,4,560
Wonders Of A Young Poet: An Incomplete Rahziel_M Collection,Rahziel_M,8,3678
Wonders Of A Young Poet: Audoria,Rahziel_M,11,2858
Wonders of Fall,ariestial,3,418
Wonders of a forest,flqrvl,8,2861
Wonders of my Special Friend,ItsMasterUnicorn,2,507
Woodland Cottage,LolaIsAGirlie,13,5792
Woodland Walk,FrostedEcho,5,635
Woodland Walks,Paiiqex,2,362
Wooolf’s Guide To Saving Money,Wolfiey33,6,2048
Words,Midnight_Flower123,22,2969
Words Hurt,kitkatlol19,6,718
Work,Turtleawe,1,214
World RPG Part 1,Hashirama1999,13,5883
World RPG Part 2,Hashirama1999,12,4318
World Record-Breaking Roller Coasters,chl03_1289,6,2943
World at a Stance,Haveagoodday4,1,336
World of Crystals Vol. 1,Audrey_AnimeWeirdo,11,5970
World of Wonders,iihxppily,6,2314
World's Best Coffee Cake (Recipie),DefyGravit_y,8,3415
Worry,SuperLucky26,2,643
Worry Thoughts,Karmaologist,3,576
Worth A Try,Nightcore_Tune,7,3430
Worthless,amdana21,4,2079
Would You Call It Love?,Pinkyglitterykatie,11,7445
"Wow, you’re gorgeous.",luyxu,8,2566
Writer's Block,Dexobite,8,752
Writer's Block,atenafofa,8,1074
Writer’s Block,avphla,6,862
Writer’s Block.,xoRxsey_Vibesxo,3,896
Writer’s Hierarchy,wolf_tamer97,7,3423
Writing Basics: Worldbuilding,kingbobby1016,8,4145
Writing Victorian Letters,puffles468,11,5462
Writing a Compelling Villain,EternalMelodies,6,3758
Writing a love story,CamilaCherry123,11,3966
Wyntira X,AlLUR0PHILE,8,2010
Wyntira X 2,AlLUR0PHILE,7,1893
X,xsCloudy,6,1395
Xexe,CatNoirFan109,10,1039
Xhakum,Soliantu,9,5428
Y,ataxaria,4,958
YAMADA,Dudebrogaming241,2,1468
YOU ARE VALID!,Lh1k,6,1604
YOUTH and Me,koalaluvscookies,12,5896
YUKC0 the Clown,ExperimentalStone,3,779
YUKC0: The downfall of a Roblox Myth,PlRRUPS,12,4669
Yakuza,serxnixy,6,2993
Yakuza 2,serxnixy,7,2926
Yang Jungwon (ENHYPEN),xsCloudy,5,1342
Years go by,itsTheWaterFoxyXX,4,650
Yellow,Danatte,7,3427
Yellow,goxths,6,978
Yellow Leaves,BreannaBelle,6,384
Yellow: The Wilting,Vonibellx,5,1218
Yellowstone,pcnj,4,1686
Yeojin / Part 4 of the Loona Series,pineapple7sloth,4,1345
Yogurt Recipes,xXclover19Xx,5,1080
You,idaskomg,3,1925
You,sincereIysunny,2,235
"You Are A Prom Queen, Dance, Dance, Dance. - Vol. 1",oopsie_dxisy,9,4293
"You Are A Prom Queen, Dance, Dance, Dance. - Vol.2",oopsie_dxisy,11,5388
You Are Just A Metaphor For Fall V1,G0dWr1ter,9,3546
You Are Love,Matsunei,15,7115
You Are Not Alone.,froggie_them,5,963
You Blessed Me,SolitaryFlower,3,413
You Can't Run Forever,Jacksepticbooperdoop,1,1391
You Can't See,karencristi19,11,5174
You Grew Up So Fast,iiibbyxblue,5,686
You Have Just Got to Believe,alvcee,8,4990
You Impress me,PlayzAlpha,3,866
You Know I’ll Forget You,BananaPhone005,9,2462
You Never Left,sky_blue3000,3,580
You Only Live Once,lxllaby_dreams,9,3644
You Say,Kitahku,3,597
You Shouldn’t Read This,aVRuser2,8,1591
You Understand Now,ghia18,7,4048
You Will Be God,Iookbro,12,5312
You Will Never Sleep,bxba_Crybaby,2,992
You and Her,Ryloxi,3,1664
You and I are memories.,PoopOfTheRings,6,1699
You and me,gogomax173,3,1903
You and me,mspontoc,2,2044
You and this distance,errorchan09,8,1764
You are beautiful.,TlM_BURTON,4,998
You are loved.,Serxnixy,5,950
You are my rainbow.,avphla,9,1537
You are not alone. Volume 1,xannykat,5,1661
"You are, and Always Will be, You",BananaPhone005,15,6208
You can have the Last Pastry [[Volume 1]],crumbliie,24,11354
You can play the: Clarinet!,BringClassicBack,13,2776
You forgot me.,Ashari_Artxx,15,2387
You found me!,Some Restocker,1,116
You in the mirror,anDragoniXlove,9,1226
You left me way too early,halfdeadqueeen12,5,1590
You looked at me,AAApanos,6,1601
You only live once.,insxcurities,5,880
You played football,RACKBACKTACKC,3,777
You promised,Zonz1208,7,746
You were always a good friend,Mixoph,8,1437
You're Not My Date!,xgachagamerx232,9,2906
You're someone I didn't know I needed.,bennova_231,7,1723
"You, Me, & Existentialism Vol. I",MxdalynAmare,5,2847
"You, Me, & Existentialism Vol. II",MxdalynAmare,6,3039
"You, and Only You",inquisitorgirl204,11,1343
You.,Angelmurp,6,1026
You.,PuffyCatPlayz,4,1630
Young Embitterment,coolhatinthecat,21,5195
Young Romance Isn’t a Fantasy,ErikaMazing,2,510
Young Woman,Deioika,4,3011
Your Closest Friend:  Tale Of Friendship Part 2,AmazingGamerz2125,21,6282
Your Closest Friend: A Tale Of Friendship Part 1,AmazingGamerz2125,21,5848
Your Desire,unixqe_qxtty,7,672
Your Eyes,CeriaAria,6,2286
Your Fake Friend,Jenxni,8,1238
Your Guitar,xTakayan,4,526
Your Harmony,txukipxie,10,1527
Your Heart is Rock Solid (Volume I),Kittycake987,13,4454
Your Heartbeat,NewKellyChung,10,3263
Your Heartbeat and the Moon,nizhqni,10,2769
Your Joy,1mSawako,4,602
Your Letters,Ryloxi,5,2133
Your Melody,Akierion,19,11582
Your Memories Vol. 1,urvillain,7,2544
Your Mind,Cubline,4,1331
Your Misty Gaze,youreciipse,11,2231
Your Music in July,Bli_Pan,9,4159
Your Name?,uumugs,7,1915
Your Own Vision,powerchoco_2009,8,3057
Your Prison of Stone,avin2009ra,6,1451
Your Reality,CorpseInACasket,5,2596
Your Shadow and Mine,Zyxc_mfbac,5,793
Your Tears Will Grow Flowers (CHP 1),TragicHopes,22,4890
Your Typical Highschool Romance,BananaPhone005,11,3697
Your Villainess Vol. 1,Chimliy,12,5215
Your Yellow Aura Vol 1,simplytheq,11,4527
Your glistening beauty,AskedAnime_Yt,1,385
Your name.,unfrose,4,726
Your/My music in July Q&A,Bli_Pan,6,2587
"Yours Truly, From Addi",Beachy_butterfly,12,2900
Youth,Genres,1,578
You’ll be Okay.,BananaPhone005,4,1279
You’re Blank to me.,SimplyxxSydney,8,937
You’re Not Alone,m_tztli,4,692
You’re my Vacation,KanoeKanye,3,223
Yum!,xFrxuityx,5,792
Yumi,MikkiPicky,16,1561
Yummy Homemade French Toast,astr0bunii,4,591
Zapped!,JA2LYNS,11,4175
Zebras,chibiauro,7,2880
Zebras pt. 2,chibiauro,7,3688
Zemilia's Adventure CHAPTER 1,StephenKingReader0,3,1251
Zodiac Myths and Misconceptions; Cancer.,iiSinclaiir,13,6136
Zodiac Sign Basics (Elemental),SLXGRREBORN,5,1680
Zodiac Sign Compatibility,thelyricaldancer,14,7694
Zodiacs Vol.1,"Splendiferous13, jagmakes",7,3636
Zombie School Vol. 1,Unicornsuperstarz,3,1777
[L1011] The Lockheed TriStar,Fazbearking628377Hel,5,2597
a Promise I Meant to Keep,Trustybasil123,1,427
a beautiful pain,WrathzoneRemadeLEVEL,4,2055
a beginner's guide to playing violin vol. 1,fraiseooo,14,6622
a fantasy of love,fluffyfungus,2,248
a frozen river,xsCloudy,8,1870
a helpful guide to OnlyOneOf that nobody asked for,chiara000111,18,7079
a little advice,weeleilag,3,534
a martians visit,Princessrubyroo17,3,1502
a mind’s euphoria,lydviaa,6,2268
a painting of pain.,youreclipse,6,2013
a perfect morning,lovelyxdaydream,4,2013
a pot of flowers,idk_nataliex,4,2313
a winding path,runavia,4,455
about crystals; rose quartz.,DarkerExistence,5,1652
acid,aurixra,4,273
adieu,Nisey456,3,620
after,mermaidQueen0516,5,841
all hail friday,Turtleawe (insert something witty),4,76
all i got; a part in a series.,xsCloudy,5,987
all the brighter stars,jaslynnpham,3,478
alone,bellachaeu,3,1590
amaranthine,xsCloudy,6,1629
amongst our heavenly bodies,Vonibellx,3,1007
"an abandoned town, an abandoned town, an abandoned town",TheQueenOfRockBottom,10,2100
an interview with death,crescentxcorners,9,2214
an ode to you: cycle,lovelyxdaydream,4,4345
an ode to you: enigma,lovelyxdaydream,3,2409
and then there were two,lovelyxdaydream,6,2278
and then there were two: volume ii,lovelyxdaydream,15,3615
angel,lovelyxdaydream,7,1964
angel sky,hopefleur,2,265
another star to you,iillichu,2,558
anti-romantic,xsCloudy,3,816
apologies n windowsills,xsCloudy,4,974
april 22,hopefleur,3,381
arcane life,Quirily,4,884
asleep,xsCloudy,5,706
asteria moon,aurixra,8,5246
astrology with me pt. 1 - the beginning,afklucia,7,2359
at least you tried,BananaPhone005,4,768
at my best,Ayzrilia,2,262
ava’s coffin,hopefleur,11,3889
awake forever,hopefleur,12,898
bambi; a part in a series.,xsCloudy,5,940
bee,fluffyfungus,2,324
before,clayplatter,2,611
"beginning, middle, end",BananaPhone005,3,374
begonia field,krystaIIic,8,563
below the sea,saiiqx,8,636
better now than never.,nw0ku,6,954
better off,mintmoons,13,2621
between thin air,xsCloudy,6,1951
beware,xsCloudy,8,1768
beyond the reef,vqrscet,4,485
black rainbow,LordAthenaPretty,3,541
black tea.,sxltea,6,3071
blame.,quixotichip,5,3094
blossoms,Poptarts_lana,3,549
blue hour,xsCloudy,6,1363
blue lollipops,MikkiPicky,10,2613
boat,xsCloudy,2,672
bouquet of lilacs,xsCloudy,5,1290
breaking,frostblccd,2,528
broken,MikkiPicky,10,1284
broken glass eyes,BananaPhone005,3,704
broken halo,xsCloudy,6,539
brown.,ahwloa,3,327
brownies,dearestiswriting,7,1701
bubblegum,shizvko,3,297
bubbles.,admirethesunset,3,1147
burning.,zovityy,2,553
but he’s a guy. (volume 1),sodhouse,5,2682
but he’s a guy. (volume 2),sodhouse,8,2836
butterfly effect,gabbythepatata,2,853
cafe,ostranenic,9,2845
childhood,oetherielle,6,1023
chocolate cookies frappe,apiopan,3,547
chocolate fudge.,xsCloudy,5,1099
chokollis,nixolaii,5,2064
clerkytulip’s collection of relatable tragedies,clerkytulip,21,5342
clouds,katgirIl,4,391
cocogoat,xsCloudy,4,865
cold-hearted,vandexmic,2,609
comfort,barehearts,3,689
comfort character,xsCloudy,5,1076
comply,xsCloudy,7,1684
cotton between sheets of glass,Lizzytookthemilk,10,2248
counting dead stars,Vonibellx,4,1560
create,ilazxyii,2,385
creepypasta stories 1,ska8te_withMe,3,895
crow.,xsCloudy,5,1014
crushing on you,chhmccmhhc,6,1071
cry,aurixra,4,159
cry for love; a part in a series.,xsCloudy,5,837
cups of coffee,xsCloudy,5,1203
daffodils,1K1AG1,4,341
dalia’s corner: the first page,azilaac,7,5085
darky's poems collection 1,darky135_R,6,475
darts in my heart Vol. 1,Ray_Chanel17,3,2550
dear best fri3nd,AngelLove1687,5,1230
dear cat,clerkytulip,8,1627
"dear hiro, i'm home",EnchantedGod567,8,2394
dear maggie,hopefleur,12,4617
dear my friend,xsCloudy,4,2225
dear pretty woman,xsCloudy,7,2351
dear you,arifIeur,4,973
dear you,cookiehead321,6,770
death,estllee,2,329
decalcomanie,xsCloudy,5,1527
delicate.,mcksunny123,2,336
denise,pcnj,5,1872
deprived.,avraes,7,1093
descriptive.,xsCloudy,5,2409
despite it all,lovelyxdaydream,4,1652
detached,AndyTheory,3,441
detached affection,ii_kirbyx,8,1206
devilman,vandexmic,2,439
diary of the unknown,lovelysequoia,8,3235
disabled.,xsCloudy,7,1263
do you envision me too?,ahwloa,4,754
dollies,fishywishy896,11,3048
dragonlily (Vol. 1),xsCloudy,9,4107
dragonlily (Vol. 2),xsCloudy,8,4064
dream boy {VOL. 1},C00H34RT,5,1594
dream cafe,TinyHostile,6,2658
dreaming of tokyo v1,X0AngelsX0,8,2126
dreaming of tokyo v2,X0AngelsX0,7,2418
dreams of skies,chxrrys_vellichxr,2,490
drenched,Raiinism,18,4987
drifted apart,gabbythepatata,8,1980
drowning in kalopsia,silversonder,2,555
earth. vol 1.,duhsired,12,5794
em-pathetic.,ii_kirbyx,10,1417
emotions that are unable,Aciddik,2,547
emphasize with me,bandaidsonmyheart,8,1200
endo resu,aiikoua,6,1492
enjoy the day,Nokia_Loungin,5,1554
entirely new meaning,lovelyxdaydream,3,2029
envy ivy,oetherielle,6,1770
enzymes,ryn_sss,3,1305
erithacus rubecula,lovelyxdaydream,2,1570
erstwhile adventures,Itzalwaystaytay,43,35145
ethereal,elleriq,4,2037
euphoria,BlSCUITLY,6,1294
euphoria (revised),BlSCUITLY,9,2296
everyone finds a way to fall in love,xsCloudy,9,3725
everywhere without you,optxmsm,7,2549
f,Bucky_Damon,8,4035
fade.,trustybasil123,3,757
failed romance,denkikaminari_person,3,431
fairy boy (Vol 2.),xsCloudy,6,3119
fairy boy (Vol. 1),xsCloudy,6,3525
fairy ring,gabbythepatata,6,3699
fallen angel,xsCloudy,8,5442
falling,velvetvoguee,6,791
falling,velvetvoguee,7,779
falling.,akierion,14,3050
false care,Raiinism,5,198
fanpage,xsCloudy,3,1175
farewell fellas,Turtleawe,5,629
feathers of hope,heavenlyxk,8,1807
ferris wheel,Raiinism,3,224
fever,xsCloudy,5,824
field of daisies.,xsCloudy,4,2016
fields.,sharklol101,5,995
finality,aurixra,7,634
fingernails do not have consciences,cyberiinx,11,3224
fishy.,xsCloudy,3,808
flaneur,auruhhs,3,1660
fly high,Lusinda1220,1,214
fog,XDHello360,2,321
forbidden steps,o_buffyboom,4,1804
forever and always,xsCloudy,6,1194
forever love,kitty_rxes,1,551
forever?,qeuphoriaa,5,987
forget-me-not,hopefleur,2,299
fragile beauty.,YerxBlues,4,624
free,aurixra,6,1158
friends of friends,Nokia_Loungin,5,1652
froggy chair,MikkiPicky,10,2016
front row.,zovityy,3,726
get up,Nokia_Loungin,5,1554
get well soon.,kitty_rxes,4,454
getting used to it,aurixra,4,756
ghost hunter,ThatIndieFroggie,8,3415
ghosting.,xsCloudy,4,1219
go outside,Nokia_Loungin,6,1635
good 4 u,xsCloudy,6,1884
good enough?,theregoesme,2,822
goodbye max,realrosemarywalten,4,1615
"goodbye, my love",arifIeur,7,1525
goodnight,estllee,2,407
greek tragedy.,xsCloudy,8,2650
growing up sucks.,xsCloudy,4,1224
gum ash and wall flower,"whyareflamingospink, frozengleam",3,1128
halcyon,xsCloudy,5,2023
halloween,xsCloudy,4,809
happily was here,iihxppily,4,206
happiness doesn’t last forever,iillichu,4,1304
happy fruit day vol. 1,BiinkyWInky,11,5249
happy fruit day vol. 2,BiinkyWInky,29,9911
happy fruit day vol. 3,BiinkyWInky,28,11294
happy holi,xsCloudy,8,1308
haruki.,remnscnce,3,570
hatred into love Chapter 2,ima_animel0ver,5,1157
hatred into love.,ima_animel0ver,9,2772
he who wishes,Shylohck,13,6535
head home,Nokia_Loungin,5,1709
heartbreak.,Wolf_GrlBella08,8,884
heaven.,xsCloudy,5,1094
heaven?,ostranenic,9,3552
her,oetherielle,3,326
her shadow,wittycorpses,3,350
her.,elys1ain,3,810
her.. (LGBTQ+),Envigous,7,1959
he’s not real,arifIeur,4,750
hiejjwkekiwi,7ayg and JoesMeatyOnes,5,1384
hikari,aiikoua,5,1735
his black leather boots,rosepie87,13,2783
honey and a hint of her,simplyskittle,3,1141
honeycomb.,xsCloudy,4,2178
honeysuckle field,Uglyskuii,4,1684
hope,sstarglass,13,2088
hopeless,jimithenerdypig,10,2579
hopeless Vol.2,jimithenerdypig,3,537
hopelessly wandering,elleriq,2,883
how can rocks be classified,Dark_Rider3000,4,840
how to cook scrambled eggs,ryujiricrr1116,3,730
how to edit!,jisoo_hiyie,6,1658
how to find the formula for the nth term,Thatpurplepersonlol,8,2078
how to make classic french chocolate pots de crème,katgirIl,8,3374
how to make the perfect christmas meal,T_lvl9,4,1668
human?,realrosemarywalten,5,1028
i bloomed too late,MikkiPicky,8,902
i don’t really like being lonely,Vonibellx,3,1117
i fell from the sky,Nokia_Loungin,5,1470
i love you.,xsCloudy,6,1109
i needed you,kyurivo,3,1649
"i stare, i stare, i stare",WAD_0612,8,1331
i wish i could fall asleep.,xsCloudy,5,955
i wonder,COREK1D,3,716
icarus,aurixra,3,496
idolize.,xsCloudy,5,1650
if only flowers bloomed as beautiful as you,iiTelesticRoses,8,5624
if we never met,Reneewaimao,6,1877
ii. coffee,Nyx_angel10,5,1961
ikigai,BananaPhone005,3,743
imaginary friend,UwUhaterOwOlover,6,1268
importance,xsCloudy,10,2408
in another life.,slxshhhh,5,1038
in fairytales,katgirIl,5,470
in her eyes,cybertunez,3,352
in hopes.,dIwIrva,7,5543
in your arms.,xsCloudy,5,309
infatuation,Rxsealina,6,1345
ink eyes.,xsCloudy,5,974
is this love?,Raiinism,5,441
it all came crashing down,Uglyskuii,6,1396
it was a nice day for a walk,qKerry,6,4305
it’s not worth it,Raiinism,1,91
i’m,Istxr_struckI,2,370
i’m fine.,xsCloudy,5,1519
i’m okay.,candylittle213,3,284
jiemo shiming,Nyx_angel10,4,1599
"jingle, jangle",xsCloudy,7,1025
justkeepbreathing,xsCloudy,10,1984
kahoot,xsCloudy,6,1151
kenneth,xmistiix,11,3297
kingdoms apart,fairyIvr,4,1108
krampus,elleriq,5,1519
l0n3ly,sw_llowed,1,349
la la love count~!,xsCloudy,8,2800
language barrier,iLullabi,3,487
last of leaf.,akierion,8,1679
leave you alone.,zovityy,2,730
"let me rest, i beg of you",cadav3rous,12,1866
let’s stick to a nonviable lifetime,jaslynnpham,9,1779
lies,Turtleawe,7,578
life can seem sweet.,QurikyCosplayer,8,1465
light pollution,Turtleawe,1,257
lil sharty,"aurixra , Pusheenbelle_27 , kherbert1 , IRayRatI",4,986
lipstick,ilazxyii & fetching_tea,4,2296
listening,Istxr_struckI,2,442
little angel,fluffyfungus,4,679
little oak chair,cyberIinx,8,1407
living in a daydream,Skullyinc,8,1631
lock everything.,chxrry_soqa,4,1378
loneliness vs. spending time alone,afklucia,6,2090
long horse,little_MeMesGiRl,6,1603
lori vol. 1,caro11inee  & hopefleur,8,3746
lost,iluvpeep32,3,453
lost dust,Raiinism,4,366
love,DeviIzLuv,7,776
love between a vampire and a human.,Animeswirllaltacc,5,1847
love is a dream,dearestiswriting,3,1112
love letters,kloraline,8,1241
love like ours.,oetherielle,4,464
love scene; a part in a series.,xsCloudy,4,808
lysimachia borealis,lovelyxdaydream,3,3132
l’amour,lucygetspousey,3,314
mai’s thoughts,arminarlertsproperty,3,1324
man/boy: a symphony,pcnj,8,1525
masquerade,fluffyfungus,5,396
max (part one),realrosemarywalten,12,6873
me myself and i,kamiaeu,5,427
"me, me, me",xsCloudy,4,783
memories,1PipThePanda1,5,525
memories (or lack thereof),UniqueBeginnings,8,2445
mercury.,xsCloudy,8,2242
middle school is a test vol. 1,24kdxsi,10,3896
milk and cookies.,xsCloudy,12,4987
milky way.,xsCloudy,6,928
mind.,joyrise,8,2081
miss marigold,xsCloudy,3,831
missing you,jisoo_hiyie,5,1842
mist,miko_Tsubaki,8,3177
miton,nixolaii,5,1972
mommy and daddy,fluffyfungus,3,253
moonlight avenue.,xsCloudy,5,776
mr. piano man,xsCloudy,5,1402
mushroom house in the forest. Vol.1,Baixinha_fea,10,2527
mushroom house in the forest. Vol.2,Baixinha_fea,9,2958
music class,israe_themarshmello,8,3568
my beloved,xsCloudy,5,1889
my best friend,k1tqi,7,2139
my everything,kaylaxxnicole,6,2608
my fantasy world,iiWind_Breeze,4,456
my fav,jaslynnpham,3,521
my first cat best friend,nixolaii,12,6913
my fragile trust,VintageAngelicc,8,448
my little dove,aurixra,3,247
my love,KawaiiEllaBubblez,5,2632
my love,neverthelesslove,5,874
my love...,XxAlliCaitiexX,3,640
my moon,Jaiinz,2,335
my moon.,immapersonlolzz,6,1395
my one hundred,xsCloudy,8,3236
my reflection,arifleur,5,2286
my regards,aldeiia,5,379
my rose,aIessyz,2,417
my shuddering heart.,boopbxrry,2,385
my tree,1PipThePanda1,6,902
my wilted sunflower (pt. 1),fluffyfungus,7,471
nails,blindedjoy,3,422
name,xsCloudy,5,553
natsukashii,iiTelesticRoses,14,10873
nature’s facade,caseyishh,8,802
need,aurixra,5,469
no illusions,bnnyhun,8,1220
no one opens the door,pcnj,11,3593
noFriends2Need,CheriChey,7,5224
noelle,theregoesme,8,961
normal,xsCloudy,4,545
nostalgia,avraes,2,1302
not good enough,Floralteaz,1,468
not perfect enough,phoqy,9,1016
not sure,Sabcutie8888,9,2041
not your toy,oEtherielle,3,584
notebook paper (sent.),xsCloudy,6,1173
nothing and everything.,telaplays,17,2657
november 9,blue_neptunee,2,648
obsession,gabbythepatata,8,2667
ocean blue,WAD_0612,8,1270
ode collection: my woman,xsCloudy,19,6142
"oh, so beautiful.",xsCloudy,6,2787
"oh, withering flower",Raiinism,3,177
once upon a time,wittycorpses,5,690
one room.,xsCloudy,8,1939
online love,Rxsealina,5,806
online promise,iillichu,2,298
only once,blahBlop11,4,196
opposites attract vol. 1,clerkytulip,14,4023
opposites attract vol. 2,clerkytulip,26,7942
opposites attract vol. 3,clerkytulip,26,4498
orange,xsCloudy,3,927
our relationship,ameIiiax,1,140
out of ten (vol. 1),xsCloudy,5,2090
out of ten (vol. 2),xsCloudy,8,2238
overthinking,Thejinxerofmagic,3,1561
overworld,ostranenic,12,2761
oxygen thief,XDHello360,2,245
painful memories,runavia,3,434
paint. :),xsCloudy,4,881
"papa, i love you.",1PipThePanda1,15,3134
paper lanterns,xsCloudy,5,1504
pastel,ostranenic,15,5211
pencil,xsCloudy,5,1158
pennies.,fluffyfungus,3,249
personal growth: pointers to become your best self,oetherielle,7,2416
petrichor,avraes,2,237
piano love,R0SICHEEKS,3,1152
pillow,xsCloudy,5,1312
pine needle.,xsCloudy,5,1501
playground,rileyriles8,8,3159
plum,beag1ee,6,2370
pluto,hopefleur,4,172
pluto,xsCloudy,6,1698
pluviophilia,Ayzrilia,2,238
poisoned love,phoqy,6,1189
poor fishie,Princessrubyroo17,2,305
pov,lxfiplant,14,1205
pretty people.,xsCloudy,6,1444
privacy; a part in a series.,xsCloudy,4,925
procrastinating (again),Turtleawe,1,232
proud,xsCloudy,5,1393
psychology: the codependent triangle,telrut,9,4308
puppy love.,xsCloudy,4,1013
purity,nxmaka,4,1774
purple amethyst.,Friskthe_child,10,3874
question mark,fishywishy896,11,3195
raindrop.,xsCloudy,6,522
red buttercups,pxstel_sweetii,6,2722
red-tipped roses,CosmicCharax,20,4623
reflectionitis,deadlyShr1mp,11,2668
replay,xsCloudy,6,807
resentment (response),ii_kirbyx,10,1415
re…; a collection.,xsCloudy,8,2584
riddles we didn’t want answers to,Vonibellx,4,1935
rollercoaster,xsCloudy,5,1022
romantical fantasies,aurixra,3,233
rose,Raiinism,2,53
rose girl,Raiinism,3,546
rose thorn (pt. 2),fluffyfungus,5,613
ruler.,xsCloudy,7,1014
s.o.t.s,xsCloudy,4,1139
sakura,deadlyShr1mp,6,1773
sam’s interlude (jean prod.),pcnj,17,3326
sapphire volume I,byrkyl26dew,17,4556
schizophrenia,crustyeyebrowz,6,2061
seasons; fall. (book 4.),xsCloudy,6,1511
seasons; spring. (book 1.),xsCloudy,4,1127
seasons; summer. (book 2.),xsCloudy,4,1117
selkies,wovi8,3,697
shades of jealousy | a poetry collection,calming_tea,8,8325
shadowed talent,Kylaxybuns,6,3462
shame on you,iillichu,3,606
shards,Raiinism,3,158
shes beautiful,Nokia_Loungin,5,1391
shredded.,xsCloudy,3,1256
shrinking,fishywishy896,12,3967
silent audience,daughterofcrux,9,971
silent tears,Turtleawe,4,279
simulation,ostranenic,11,3178
skate!,qeuphoriaa,5,1112
skies.,Oczee,3,1214
sleep for a lifetime,iillichu,2,389
sleep paralysis,gabbythepatata,5,1740
snail mail,ostranenic,8,2916
snegovik,nixolaii,5,1920
snow / other occurrences,Iivmarvel,5,2577
snowflake,blueber86,5,1781
song,COREK1D,2,699
soul,nikao_nikoii,3,920
soul grasping,aurixra,4,342
soulmate,kqti302,3,566
spirit friend,Turtleawe,4,450
split,Kan_Kanx,11,1189
sportscruiser,1want_food,8,2858
spotlight!,qeuphoriaa,6,1362
spotlights,dreamingracee,3,677
"stagnate air, filled by music",Nokia_Loungin,5,1452
star-light (Vol. 1),xsCloudy,6,2122
star-light (Vol. 2),xsCloudy,7,2557
stay away,Rositatabu2303,3,1100
storm,WAD_0612,5,880
storm in my soul,katgirIl,5,500
strange.,xsCloudy,10,3222
strangers,ahwloa,3,456
strawberry chapstick,xsCloudy,5,1093
stringed,xsCloudy,6,1046
styles <3,jisoo_hiyie,4,1448
subway...,esxthral,11,6589
such shame (a found poem),ememem622,8,1000
summer evening,sk8rjamm,1,341
sunny days,Turtleawe,1,78
sweater.,xsCloudy,3,989
swedish rhapsody,piggy662,10,3876
talent,fluffyfungus,3,294
tamarisk,xsCloudy,6,1123
teen age I,ofmbbgf,3,2224
test,fluffyfungus,4,174
that girl; wlw story,luyxu,9,1973
that void of loneliness,tiniwhiffles,8,1520
the Sun to his Moon,notowoism,4,1146
the beauty of music,katgirIl,4,544
the billows,katgirIl,4,279
the bird in your cage,fluffyfungus,4,555
the body of a girl,gemini4356,13,5073
the boy(s) whom i loved.,xsCloudy,16,8033
the brain,jagmakes,3,1709
the breadline,elqzn,3,684
the bridge to you,xsCloudy,9,3388
the butterflies enjoy my music,Nokia_Loungin,5,1797
the clouds,1PipThePanda1,9,1205
the darkness within.,jagmakes,6,940
the discarded drafts.,LiliWeb11,8,1914
the documents; WLW story,OtakuLeaf,8,3037
the first love 1,Ariel_Alaisha,4,1023
the game (part four),realrosemarywalten,14,5004
the game (part two),realrosemarywalten,8,2595
the garden still grows,LaughieSapphie,3,661
the girl behind the screen,aqhrxdiite,6,1178
the girl in the woods vol 1,Axastazia,5,2016
"the good, the bad, and the magic.",Kan_Kanx,7,2335
the horizons.,xsCloudy,6,1653
the horror mall,xsCloudy,8,1392
the impermanence of self,lizzle_mcshizzle12,11,3557
the ink. (response.),xsCloudy,7,1965
"the less i know, the better.",xsCloudy,5,1643
the list,WAD_0612,14,1253
the movies,imdabosss22,8,1779
the old boulevard,SnoozingSaihara,4,1494
the pen,cuteStowell68,3,1774
the reality,XDHello360,2,362
the secrets i keep,elleriq,3,982
the sky is on fire.,Galaxy_Catty528,3,787
the sphere,xsCloudy,5,872
the stars,ameliasdrip,2,333
the sun-sets,xsCloudy,5,1370
the truth of the bermuda triangle,zohghgfgdfdfd,4,1834
the universe according to you,xsCloudy,13,5571
the unsaid,tumblergirlxxo,9,968
the water.,lunaliqht,5,479
the way it is,kitty_rxes,7,657
the wind blows.,xsCloudy,5,2566
theSevenColorS,CheriChey,15,7298
they deserved better.,xsCloudy,3,775
thirst,xsCloudy,5,1068
this is reality,elleriq,4,1164
this?,stranger_thenthings2,4,1370
those days,brokepink1121,8,1743
thoughts.,nxghtski3s,8,658
through the eyes of a dog,qeuphoriaa,5,962
time,xsCloudy,5,995
time here with you,FadinqSouI,2,1005
time will heal,dreamingracee,4,964
tired,Turtleawe,1,183
tired teardrops,Raiinism,11,1228
to my older brother,iillichu,2,525
to xscloudy,fluffyfungus,7,453
to you from a nihilist,builderredstar,6,2699
"toasty christmas, my dear",Nyx_angel10,3,1153
toi.,avraes,4,612
tomorrow chapter.2,Olivetree436,4,1188
tooth fairy,giriinwhite,6,1978
torn papers,Savage4REAL18,2,686
tower of cards,oetherielle,3,385
tragically magical,toothsociety,19,19184
transparent,XxalienmilkxX,8,1583
trapped.,zovityy,3,522
trickle,BebeLovesPuppies,2,751
trois,lovelyxdaydream,10,2247
tsundoku | poems,CatsAndSprinkles1123,17,2839
tutorial on how to make biscuits,burgergirl337,3,815
twin’s book of riddles,twinkillings,12,1795
twisted endings vol 1,clerkytulip,26,9139
twisted love,Raiinism,4,689
twisted revenge,Stuffys101,13,6430
ukiyo.,xsCloudy,7,2168
un amour déchu,PlsloI,4,2220
understanding identities on the asexual & aromantic spectrum,donttouchme_pls,9,3595
unfinished puzzle,goblinwafer,6,960
unread.,xsCloudy,5,768
unrequited love,YerxBlues,3,799
until forever isn't forever.,jaslynnpham,2,730
us.,ahwloa,3,239
valentina,fishywishy896,7,2961
venus,xsCloudy,7,1636
villain.,XDHello360,1,392
violetta,aurixra,5,1543
void.,Heccerino,6,804
vol 1: buying good concert tickets,tatxana,8,4156
volcano feelings,oEtherielle,3,653
waffles!,qeuphoriaa,4,730
waiting for you,BowlTeddii,6,3748
weird christmas stories,clerkytulip,32,9836
weird phobias i have never heard of,Elizabeth_9584,7,3264
we’re not so different after all.,ukiopii,5,480
what is love?,glorie911,4,901
what is love?,xsCloudy,4,1278
what love feels like,Kan_Kanx,8,1031
wheel of misfortune,fluffyfungus,7,433
when i see you rise,r0kiya,3,356
when we find the rain,trustybasil123,2,498
when you want to cry [vol 4],ANONYMOUSWRLTER,10,1763
when you want to escape reality [vol 5],ANONYMOUSWRLTER,13,2262
when you want to find motivation [vol 3],ANONYMOUSWRLTER,14,2013
when you want to live your life [vol 2],ANONYMOUSWRLTER,10,1410
when you want to love yourself [vol 1],ANONYMOUSWRLTER,9,1516
white flower,nottbrooke,3,761
why did i?,jaslynnpham,2,425
why you should move to Alaska,rosepie87,3,1282
willow tree.,eerials,6,1519
wilted rose,YerxBlues,5,904
winter lips,anikaboo9,14,2465
winter memories,IceCreamBOSS23,4,1672
wishes,VintageAngelicc,8,452
without you,dreamingracee,1,450
wonders,nixolaii,17,6749
words of imitation,iillichu,2,194
xanthophobia,Beckyna2016,6,2034
you and me,souffleandtea,9,1571
"you changed me, now I'm gonna change you",XxperiodtpoohteaxX and patriciamojica,8,2250
you left me,Raiinism,7,526
you ruined my spirit.,tr4uxma,8,1668
you're the perfect colour,apathyandirony,12,7135
your affection.,11x160,8,4972
yours truly,shiftynifty17770,3,1079
you’re fake,Floralteaz,1,1101
you’re the atmosphere,luvxzbug,8,527
yuhhhhhhhh,abxlia (the cool one),4,67
zodiacs and their colors!,UnicornCream_193,9,4273
|Fantasy Love|,lillucia08,6,1053
"|How To Survive School|Tips, And Advice|",20txddybearsss,6,3422
|| Chill Music Vol. 1 ||,Under_boiie & Yumiioko,7,1496
~Borderline Personality Disorder~,HeadsIn_TheClouds,18,3354
~Dysthymia~ (PDD),HeadsIn_TheClouds,9,2083
~Helping BPD~,HeadsIn_TheClouds,9,2491
~• Sakura •~,Yua_Weeno,7,3691
à couper le souffle,cloudyxjia,6,2002
— jay,hir4ai,9,1691
‘Oumuamua,AuthorExhuth,12,3675
‘The Black Cat.’,Sleepymuttz,7,2372
‘just’ strangers,xsCloudy,5,1006
‘see you later’,Mimom14,9,4361
"‘‘He loves me, he loves me not..’’",13Rxtz,11,4424
‘‘The one that got away..’’,13Rxtz,4,3289
“ Take Thy Wars away. “,FakeyJakyPauly,3,576
“...And Peggy!” : A Story about the Life of the Lesser Known Schuyler Sister,mcksunny123,8,1860
“..her?” VOL 1,LilyLavender12345678,7,3761
“..her?” VOL 2,LilyLavender12345678,7,5151
“A Dream You Wanted To Last Forever.” Vol. 1,iiNxght_Skiez,9,6862
“A Letter To Say Goodbye”,Dabbingunicorn_g,2,638
“A Small Price to Pay for Salvation”,bashstone7,8,3918
“Almost…”,xo_moocow,4,1715
“Best Friend”,HyperSlothzz,10,3119
“Dear Diary”,marthalovesmymonkeys,4,3156
“Five Days Ago”,tigers_oof,3,1142
"“For You, I’d Live”",XxSkye_2006xX,8,3222
"“Forever yours, eternally”",FairyPrincessWilson,5,2983
“Gas.”,AppAtama,14,7128
“Happy” Holidays,Loxxyle,7,3681
“I Love You.”,cascadings,9,2827
"“I love you, Nellie.”",AngelLove1687,8,6124
“I moved on.” Vol 1.,ii_tulipxs,2,580
“I promise.”,xsimpiyxmia,3,639
“Maul”,sxnflower_UvU,11,4132
“May all of our Puhons come to reality”,akaaeede,4,1447
“Monsters in the Orphanage” - Book 1 Ch 1,trixhsqq,9,5003
“Monsters in the Orphanage” - Book 1 Ch 2,trixhsqq,9,4915
“Mr. Good Guy”,xsCloudy,6,1940
“Pain.”,Deioika,4,562
“Rain”,Smilelile,2,821
“Report: Bloodfall”,BattyOminerite1234,4,1737
“Smile”,FlatterQuill12,10,3380
“Soulmate” (Vol 1),The_SuperSweetGirl,12,2572
“Soulmate” (Vol 2),The_SuperSweetGirl,12,2959
“Soulmate” (Vol 3),The_SuperSweetGirl,19,3909
“The Beauty of Math: Fractals”,speggetti_panda001,5,1978
“The Dream time realm.”,iilovleyi1,5,1424
“The Infinite Possibilities”,HypeXTime,6,1534
“The Lake”,XxTristan_ShadowxX,8,856
“The man in the black coat”,evilneli,7,3803
“There are three rules in my village..”,ppievery,8,3184
"“There’s A Monster, Mum.”",paranxrmaI,10,2473
"“Together, rocking the world.” (Vol. I)",EndeRebelz,13,5936
“What is this love?”,Adrinamika,6,3219
“Why are you so quiet?”,K_glittervibess,4,1789
“You’re Different.”,Tealiyahhh,8,2358
“You’re my secret sunshine”,mspontoc,11,9237
“brooklyn”,emmajane2008,13,4130
“laziness as we know it”,afklucia,9,3025
“out of this world”,kloraline,2,356
“perfectionist”,iillichu,2,933
“social butterfly”,kloraline,7,517
“you don’t exist.”,MlMZII,24,3948
”Edacious”,PoisxnedDart,9,2770
”I should have never gone downstairs.”,Playonthegoizzy,10,2687
❝Piano for Both❞,andreaplasencia12345,12,10725
生存者 - The Survivors  VOL. 1,hvcl08,5,1495
